{"cost_list": [761850, 861850, 961850, 1061850, 1161850, 1261850, 1361850, 1461850, 1561850, 1661850, 1761850, 1861850, 1961850, 2061850, 2161850, 2261850, 2361850, 2461850, 2561850, 2661850, 2761850, 2861850, 2961850], "cpa_list": [3326.855895196506, 3156.2990494036026, 3084.0154640936607, 3042.019580360434, 3011.8347379744228, 2988.04167653327, 2968.0380178932583, 2951.759073444594, 2944.216437029548, 2938.3712677921553, 2933.2090031634957, 2935.900130788773, 2940.1955081472242, 2944.485258366271, 2951.407475157711, 2960.0769154845143, 2969.155259160302, 2977.5452936107145, 2985.3224475906964, 2992.5515098482088, 2999.288448041891, 3007.1403353327364, 3016.3941206726768], "inc_action_list": [229.00000000000003, 273.05714272000006, 311.88235312000006, 349.0608695800001, 385.76153776, 422.3, 458.83846223999996, 495.247059, 530.4807011999999, 565.5684216, 600.6561407999999, 634.1666667999999, 667.2515465599998, 700.2412371199998, 732.4810342849999, 764.1186579199999, 795.4619391199999, 826.8052228399999, 858.14850656, 889.4917902799999, 920.835074, 951.6848835999999, 981.91744232]}