,send_dm1,send_dm2,send_dm3
0,0.7374,0.1313,0.1313
1,0.7374,0.1313,0.1313
2,0.7374,0.1313,0.1313
3,0.7374,0.1313,0.1313
4,0.7374,0.1313,0.1313
5,0.7374,0.1313,0.1313
6,0.7374,0.1313,0.1313
7,0.7374,0.1313,0.1313
8,0.7374,0.1313,0.1313
9,0.7374,0.1313,0.1313
10,0.7374,0.1313,0.1313
11,0.7374,0.1313,0.1313
12,0.74334327,0.12535673,0.1313
13,0.7374,0.1313,0.1313
14,0.7374,0.1313,0.1313
15,0.7374,0.1313,0.1313
